Asset,Weight (%),Expected Return (%),Portfolio Return (%),Portfolio Volatility (%),Sharpe Ratio
S&P 500,31.728550960209784,11.487623452180049,7.999999999918776,9.203030183890014,0.8692789048897012
Bonds,40.203338420794445,0.27028809991395514,7.999999999918776,9.203030183890014,0.8692789048897012
Gold,27.697330585414075,5.960929913783579,7.999999999918776,9.203030183890014,0.8692789048897012
Real Estate,0.37078003358168576,700.0,7.999999999918776,9.203030183890014,0.8692789048897012
